id,points_locaux,points_uts
DavisCupTitles,,1
HardGrandSlamTitles,,"4, 2, 1"
ClayGrandSlamTitles,,"4, 2, 1"
GrassGrandSlamTitles,,"4, 2, 1"
HardMastersTitles,,"2, 1"
ClayMastersTitles,,"2, 1"
GrassMastersTitles,,"2, 1"
CarpetMastersTitles,,"2, 1"
HardBigTitles,,"2, 1"
ClayBigTitles,,"2, 1"
GrassBigTitles,,"2, 1"
CarpetBigTitles,,"2, 1"
HardGrandSlamFinals,,1
ClayGrandSlamFinals,,1
GrassGrandSlamFinals,,1
ConsecutiveEndsOfSeasonAtATPNo1,,"2, 1"
ConsecutiveEndsOfSeasonAtATPTop2,,1
ConsecutiveEndsOfSeasonAtATPTop3,,1
