id,type,intitule,points_goat_uts
GrassMastersTitles,Performances,Most Grass Masters Titles,"2, 1"
MostTitlesAtEachGrandSlam,Performances,Most Titles at Each Grand Slam Tournament,
MostFinalsAtEachGrandSlam,Performances,Most Finals at Each Grand Slam Tournament,
MostSemiFinalsAtEachGrandSlam,Performances,Most Semi-Finals at Each Grand Slam Tournament,
MostQuarterFinalsAtEachGrandSlam,Performances,Most Quarter-Finals at Each Grand Slam Tournament,
MostEntriesAtEachGrandSlam,Performances,Most Entries at Each Grand Slam Tournament,
MatchesPlayedAtEachGrandSlamTournament,Performances,Most Matches Played at Each Grand Slam Tournament,
MatchesWonAtEachGrandSlamTournament,Performances,Most Matches Won at Each Grand Slam Tournament,
SeasonWinningPctVsNo1,Performances,Highest Winning Pct. Vs No. 1 in Single Season,
SeasonWinningPctVsTop5,Performances,Highest Winning Pct. Vs Top 5 in Single Season,
SeasonWinningPctVsTop10,Performances,Highest Winning Pct. Vs Top 10 in Single Season,
HighestNo1OpponentRankPct,Performances,Highest No. 1 Opponent Rank Pct.,
HighestTop5OpponentRankPct,Performances,Highest Top 5 Opponent Rank Pct.,
HighestTop10OpponentRankPct,Performances,Highest Top 10 Opponent Rank Pct.,
HighestGrandSlamNo1OpponentRankPct,Performances,Highest Grand Slam No. 1 Opponent Rank Pct.,
HighestGrandSlamTop5OpponentRankPct,Performances,Highest Grand Slam Top 5 Opponent Rank Pct.,
HighestGrandSlamTop10OpponentRankPct,Performances,Highest Grand Slam Top 10 Opponent Rank Pct.,
HighestMastersNo1OpponentRankPct,Performances,Highest Masters No. 1 Opponent Rank Pct.,
HighestMastersTop5OpponentRankPct,Performances,Highest Masters Top 5 Opponent Rank Pct.,
HighestMastersTop10OpponentRankPct,Performances,Highest Masters Top 10 Opponent Rank Pct.,
HighestHardNo1OpponentRankPct,Performances,Highest Hard No. 1 Opponent Rank Pct.,
HighestHardTop5OpponentRankPct,Performances,Highest Hard Top 5 Opponent Rank Pct.,
HighestHardTop10OpponentRankPct,Performances,Highest Hard Top 10 Opponent Rank Pct.,
HighestClayNo1OpponentRankPct,Performances,Highest Clay No. 1 Opponent Rank Pct.,
HighestClayTop5OpponentRankPct,Performances,Highest Clay Top 5 Opponent Rank Pct.,
HighestClayTop10OpponentRankPct,Performances,Highest Clay Top 10 Opponent Rank Pct.,
HighestGrassNo1OpponentRankPct,Performances,Highest Grass No. 1 Opponent Rank Pct.,
HighestGrassTop5OpponentRankPct,Performances,Highest Grass Top 5 Opponent Rank Pct.,
HighestGrassTop10OpponentRankPct,Performances,Highest Grass Top 10 Opponent Rank Pct.,
HighestCarpetNo1OpponentRankPct,Performances,Highest Carpet No. 1 Opponent Rank Pct.,
HighestCarpetTop5OpponentRankPct,Performances,Highest Carpet Top 5 Opponent Rank Pct.,
HighestCarpetTop10OpponentRankPct,Performances,Highest Carpet Top 10 Opponent Rank Pct.,
HighestOutdoorNo1OpponentRankPct,Performances,Highest Outdoor No. 1 Opponent Rank Pct.,
HighestOutdoorTop5OpponentRankPct,Performances,Highest Outdoor Top 5 Opponent Rank Pct.,
HighestOutdoorTop10OpponentRankPct,Performances,Highest Outdoor Top 10 Opponent Rank Pct.,
HighestIndoorNo1OpponentRankPct,Performances,Highest Indoor No. 1 Opponent Rank Pct.,
HighestIndoorTop5OpponentRankPct,Performances,Highest Indoor Top 5 Opponent Rank Pct.,
HighestIndoorTop10OpponentRankPct,Performances,Highest Indoor Top 10 Opponent Rank Pct.,
SeasonHighestNo1OpponentRankPct,Performances,Highest No. 1 Opponent Rank Pct. in Single Season,
SeasonHighestTop5OpponentRankPct,Performances,Highest Top 5 Opponent Rank Pct. in Single Season,
SeasonHighestTop10OpponentRankPct,Performances,Highest Top 10 Opponent Rank Pct. in Single Season,
HardBagels,Performances,Most Hard Bagels Scored,
ClayBagels,Performances,Most Clay Bagels Scored,
GrassBagels,Performances,Most Grass Bagels Scored,
CarpetBagels,Performances,Most Carpet Bagels Scored,
OutdoorBagels,Performances,Most Outdoor Bagels Scored,
IndoorBagels,Performances,Most Indoor Bagels Scored,
TournamentBagels,Performances,Most Bagels Scored at Single Tournament,
HardBagelsPct,Performances,Greatest Hard Bagels Scored Pct.,
ClayBagelsPct,Performances,Greatest Clay Bagels Scored Pct.,
GrassBagelsPct,Performances,Greatest Grass Bagels Scored Pct.,
CarpetBagelsPct,Performances,Greatest Carpet Bagels Scored Pct.,
OutdoorBagelsPct,Performances,Greatest Outdoor Bagels Scored Pct.,
IndoorBagelsPct,Performances,Greatest Indoor Bagels Scored Pct.,
TournamentBagelsPct,Performances,Greatest Bagels Scored Pct. at Single Tournament,
HardBreadsticks,Performances,Most Hard Breadsticks Scored,
ClayBreadsticks,Performances,Most Clay Breadsticks Scored,
GrassBreadsticks,Performances,Most Grass Breadsticks Scored,
CarpetBreadsticks,Performances,Most Carpet Breadsticks Scored,
OutdoorBreadsticks,Performances,Most Outdoor Breadsticks Scored,
IndoorBreadsticks,Performances,Most Indoor Breadsticks Scored,
TournamentBreadsticks,Performances,Most Breadsticks Scored at Single Tournament,
HardBreadsticksPct,Performances,Greatest Hard Breadsticks Scored Pct.,
ClayBreadsticksPct,Performances,Greatest Clay Breadsticks Scored Pct.,
GrassBreadsticksPct,Performances,Greatest Grass Breadsticks Scored Pct.,
CarpetBreadsticksPct,Performances,Greatest Carpet Breadsticks Scored Pct.,
OutdoorBreadsticksPct,Performances,Greatest Outdoor Breadsticks Scored Pct.,
IndoorBreadsticksPct,Performances,Greatest Indoor Breadsticks Scored Pct.,
TournamentBreadsticksPct,Performances,Greatest Breadsticks Scored Pct. at Single Tournament,
SingleTournamentGOATPoints,Performances,Most GOAT Points at Single Tournament,
SingleTournamentTournamentGOATPoints,Performances,Most Tournament GOAT Points at Single Tournament,
SingleTournamentBigWinsGOATPoints,Performances,Most Big Wins GOAT Points at Single Tournament,
RecordsWithGOATPoints,Performances,Most Records With GOAT Points,
BestPlayerThatNeverReachedTop4ATPRanking,Records négatifs,Best Player That Never Reached Top 4 ATP Ranking,
BestPlayerThatNeverReachedTop4EloRanking,Records négatifs,Best Player That Never Reached Top 4 Elo Ranking,
MatchesLostAtEachGrandSlamTournament,Records négatifs,Most Matches Lost at Each Grand Slam Tournament,
SeasonLosingPctVsNo1,Records négatifs,Highest Losing Pct. Vs No. 1 in Single Season,
SeasonLosingPctVsTop5,Records négatifs,Highest Losing Pct. Vs Top 5 in Single Season,
SeasonLosingPctVsTop10,Records négatifs,Highest Losing Pct. Vs Top 10 in Single Season,
HardBagelsAgainst,Records négatifs,Most Hard Bagels Against,
ClayBagelsAgainst,Records négatifs,Most Clay Bagels Against,
GrassBagelsAgainst,Records négatifs,Most Grass Bagels Against,
CarpetBagelsAgainst,Records négatifs,Most Carpet Bagels Against,
OutdoorBagelsAgainst,Records négatifs,Most Outdoor Bagels Against,
IndoorBagelsAgainst,Records négatifs,Most Indoor Bagels Against,
TournamentBagelsAgainst,Records négatifs,Most Bagels Against at Single Tournament,
HardBagelsAgainstPct,Records négatifs,Greatest Hard Bagels Against Pct.,
ClayBagelsAgainstPct,Records négatifs,Greatest Clay Bagels Against Pct.,
GrassBagelsAgainstPct,Records négatifs,Greatest Grass Bagels Against Pct.,
CarpetBagelsAgainstPct,Records négatifs,Greatest Carpet Bagels Against Pct.,
OutdoorBagelsAgainstPct,Records négatifs,Greatest Outdoor Bagels Against Pct.,
IndoorBagelsAgainstPct,Records négatifs,Greatest Indoor Bagels Against Pct.,
TournamentBagelsAgainstPct,Records négatifs,Greatest Bagels Against Pct. at Single Tournament,
HardBreadsticksAgainst,Records négatifs,Most Hard Breadsticks Against,
ClayBreadsticksAgainst,Records négatifs,Most Clay Breadsticks Against,
GrassBreadsticksAgainst,Records négatifs,Most Grass Breadsticks Against,
CarpetBreadsticksAgainst,Records négatifs,Most Carpet Breadsticks Against,
OutdoorBreadsticksAgainst,Records négatifs,Most Outdoor Breadsticks Against,
IndoorBreadsticksAgainst,Records négatifs,Most Indoor Breadsticks Against,
TournamentBreadsticksAgainst,Records négatifs,Most Breadsticks Against at Single Tournament,
HardBreadsticksAgainstPct,Records négatifs,Greatest Hard Breadsticks Against Pct.,
ClayBreadsticksAgainstPct,Records négatifs,Greatest Clay Breadsticks Against Pct.,
GrassBreadsticksAgainstPct,Records négatifs,Greatest Grass Breadsticks Against Pct.,
CarpetBreadsticksAgainstPct,Records négatifs,Greatest Carpet Breadsticks Against Pct.,
OutdoorBreadsticksAgainstPct,Records négatifs,Greatest Outdoor Breadsticks Against Pct.,
IndoorBreadsticksAgainstPct,Records négatifs,Greatest Indoor Breadsticks Against Pct.,
TournamentBreadsticksAgainstPct,Records négatifs,Greatest Breadsticks Against Pct. at Single Tournament,
